student_id,hope_1_確率,hope_2_確率,hope_3_確率,hope_4_確率,hope_5_確率,hope_6_確率,hope_7_確率,hope_8_確率,hope_9_確率,hope_10_確率,hope_11_確率,hope_12_確率,hope_13_確率,hope_14_確率,hope_15_確率,hope_16_確率,hope_17_確率,hope_18_確率,hope_19_確率,hope_20_確率,hope_21_確率,hope_22_確率,hope_23_確率,hope_24_確率,hope_25_確率,hope_26_確率,hope_27_確率,hope_28_確率,hope_29_確率,hope_30_確率,hope_31_確率,hope_32_確率,hope_33_確率,hope_34_確率,hope_35_確率,hope_36_確率,hope_37_確率,hope_38_確率,hope_39_確率,hope_40_確率
19,0.9803921568627451,0.9803921568627451,35.294117647058826,0.9803921568627451,28.431372549019606,0.9803921568627451,0.9803921568627451,0.9803921568627451,0.9803921568627451,0.9803921568627451,35.294117647058826,0.9803921568627451,0.9803921568627451,0.9803921568627451,0.9803921568627451,0.9803921568627451,0.9803921568627451,0.9803921568627451,0.9803921568627451,0.9803921568627451,0.9803921568627451,0.9803921568627451,0.9803921568627451,0.9803921568627451,0.9803921568627451,0.9803921568627451,0.9803921568627451,0.9803921568627451,0.9803921568627451,0.9803921568627451,0.9803921568627451,0.9803921568627451,0.9803921568627451,0.9803921568627451,0.9803921568627451,0.9803921568627451,0.9803921568627451,0.9803921568627451,0.9803921568627451,0.9803921568627451
41,0.9803921568627451,0.9803921568627451,0.9803921568627451,0.9803921568627451,0.9803921568627451,0.9803921568627451,64.70588235294117,0.9803921568627451,0.9803921568627451,0.9803921568627451,31.372549019607842,0.9803921568627451,2.941176470588235,0.9803921568627451,0.9803921568627451,0.9803921568627451,0.9803921568627451,0.9803921568627451,0.9803921568627451,0.9803921568627451,0.9803921568627451,0.9803921568627451,0.9803921568627451,0.9803921568627451,0.9803921568627451,0.9803921568627451,0.9803921568627451,0.9803921568627451,0.9803921568627451,0.9803921568627451,0.9803921568627451,0.9803921568627451,0.9803921568627451,0.9803921568627451,0.9803921568627451,0.9803921568627451,0.9803921568627451,0.9803921568627451,0.9803921568627451,0.9803921568627451
57,99.01960784313727,0.9803921568627451,0.9803921568627451,0.9803921568627451,0.9803921568627451,0.9803921568627451,0.9803921568627451,0.9803921568627451,0.9803921568627451,0.9803921568627451,0.9803921568627451,0.9803921568627451,0.9803921568627451,0.9803921568627451,0.9803921568627451,0.9803921568627451,0.9803921568627451,0.9803921568627451,0.9803921568627451,0.9803921568627451,0.9803921568627451,0.9803921568627451,0.9803921568627451,0.9803921568627451,0.9803921568627451,0.9803921568627451,0.9803921568627451,0.9803921568627451,0.9803921568627451,0.9803921568627451,0.9803921568627451,0.9803921568627451,0.9803921568627451,0.9803921568627451,0.9803921568627451,0.9803921568627451,0.9803921568627451,0.9803921568627451,0.9803921568627451,0.9803921568627451
52,81.37254901960785,0.9803921568627451,0.9803921568627451,0.9803921568627451,0.9803921568627451,0.9803921568627451,13.725490196078432,0.9803921568627451,3.9215686274509802,0.9803921568627451,2.941176470588235,0.9803921568627451,0.9803921568627451,0.9803921568627451,0.9803921568627451,0.9803921568627451,0.9803921568627451,0.9803921568627451,0.9803921568627451,0.9803921568627451,0.9803921568627451,0.9803921568627451,0.9803921568627451,0.9803921568627451,0.9803921568627451,0.9803921568627451,0.9803921568627451,0.9803921568627451,0.9803921568627451,0.9803921568627451,0.9803921568627451,0.9803921568627451,0.9803921568627451,0.9803921568627451,0.9803921568627451,0.9803921568627451,0.9803921568627451,0.9803921568627451,0.9803921568627451,0.9803921568627451
54,0.9803921568627451,0.9803921568627451,56.86274509803921,0.9803921568627451,39.21568627450981,0.9803921568627451,0.9803921568627451,0.9803921568627451,3.9215686274509802,0.9803921568627451,1.9607843137254901,0.9803921568627451,0.9803921568627451,0.9803921568627451,0.9803921568627451,0.9803921568627451,0.9803921568627451,0.9803921568627451,0.9803921568627451,0.9803921568627451,0.9803921568627451,0.9803921568627451,0.9803921568627451,0.9803921568627451,0.9803921568627451,0.9803921568627451,0.9803921568627451,0.9803921568627451,0.9803921568627451,0.9803921568627451,0.9803921568627451,0.9803921568627451,0.9803921568627451,0.9803921568627451,0.9803921568627451,0.9803921568627451,0.9803921568627451,0.9803921568627451,0.9803921568627451,0.9803921568627451
5-40,33.33333333333333,33.33333333333333,33.33333333333333,33.33333333333333,33.33333333333333,33.33333333333333,33.33333333333333,33.33333333333333,33.33333333333333,33.33333333333333,33.33333333333333,33.33333333333333,33.33333333333333,33.33333333333333,33.33333333333333,33.33333333333333,33.33333333333333,33.33333333333333,33.33333333333333,33.33333333333333,33.33333333333333,33.33333333333333,33.33333333333333,33.33333333333333,33.33333333333333,33.33333333333333,33.33333333333333,33.33333333333333,33.33333333333333,33.33333333333333,33.33333333333333,33.33333333333333,33.33333333333333,33.33333333333333,33.33333333333333,33.33333333333333,33.33333333333333,33.33333333333333,33.33333333333333,33.33333333333333
86,91.17647058823529,0.9803921568627451,8.823529411764707,0.9803921568627451,0.9803921568627451,0.9803921568627451,0.9803921568627451,0.9803921568627451,0.9803921568627451,0.9803921568627451,0.9803921568627451,0.9803921568627451,0.9803921568627451,0.9803921568627451,0.9803921568627451,0.9803921568627451,0.9803921568627451,0.9803921568627451,0.9803921568627451,0.9803921568627451,0.9803921568627451,0.9803921568627451,0.9803921568627451,0.9803921568627451,0.9803921568627451,0.9803921568627451,0.9803921568627451,0.9803921568627451,0.9803921568627451,0.9803921568627451,0.9803921568627451,0.9803921568627451,0.9803921568627451,0.9803921568627451,0.9803921568627451,0.9803921568627451,0.9803921568627451,0.9803921568627451,0.9803921568627451,0.9803921568627451
37,37.254901960784316,0.9803921568627451,0.9803921568627451,0.9803921568627451,2.941176470588235,0.9803921568627451,1.9607843137254901,0.9803921568627451,30.392156862745097,0.9803921568627451,0.9803921568627451,0.9803921568627451,21.568627450980394,0.9803921568627451,0.9803921568627451,0.9803921568627451,0.9803921568627451,0.9803921568627451,0.9803921568627451,0.9803921568627451,0.9803921568627451,0.9803921568627451,0.9803921568627451,0.9803921568627451,0.9803921568627451,0.9803921568627451,0.9803921568627451,0.9803921568627451,0.9803921568627451,0.9803921568627451,0.9803921568627451,0.9803921568627451,0.9803921568627451,0.9803921568627451,0.9803921568627451,0.9803921568627451,0.9803921568627451,0.9803921568627451,0.9803921568627451,0.9803921568627451
78,56.86274509803921,0.9803921568627451,0.9803921568627451,0.9803921568627451,18.627450980392158,0.9803921568627451,0.9803921568627451,0.9803921568627451,0.9803921568627451,0.9803921568627451,1.9607843137254901,0.9803921568627451,12.745098039215685,0.9803921568627451,0.9803921568627451,0.9803921568627451,0.9803921568627451,0.9803921568627451,0.9803921568627451,0.9803921568627451,0.9803921568627451,0.9803921568627451,0.9803921568627451,0.9803921568627451,0.9803921568627451,0.9803921568627451,0.9803921568627451,0.9803921568627451,0.9803921568627451,0.9803921568627451,0.9803921568627451,0.9803921568627451,0.9803921568627451,0.9803921568627451,0.9803921568627451,0.9803921568627451,0.9803921568627451,0.9803921568627451,0.9803921568627451,0.9803921568627451
51,0.9803921568627451,0.9803921568627451,0.9803921568627451,0.9803921568627451,0.9803921568627451,0.9803921568627451,0.9803921568627451,0.9803921568627451,0.9803921568627451,0.9803921568627451,0.9803921568627451,0.9803921568627451,0.9803921568627451,0.9803921568627451,0.9803921568627451,0.9803921568627451,0.9803921568627451,0.9803921568627451,0.9803921568627451,0.9803921568627451,0.9803921568627451,0.9803921568627451,0.9803921568627451,0.9803921568627451,0.9803921568627451,0.9803921568627451,56.86274509803921,0.9803921568627451,0.9803921568627451,0.9803921568627451,0.9803921568627451,0.9803921568627451,0.9803921568627451,0.9803921568627451,0.9803921568627451,0.9803921568627451,10.784313725490197,0.9803921568627451,31.372549019607842,0.9803921568627451
35,98.0392156862745,0.9803921568627451,1.9607843137254901,0.9803921568627451,0.9803921568627451,0.9803921568627451,0.9803921568627451,0.9803921568627451,0.9803921568627451,0.9803921568627451,0.9803921568627451,0.9803921568627451,0.9803921568627451,0.9803921568627451,0.9803921568627451,0.9803921568627451,0.9803921568627451,0.9803921568627451,0.9803921568627451,0.9803921568627451,0.9803921568627451,0.9803921568627451,0.9803921568627451,0.9803921568627451,0.9803921568627451,0.9803921568627451,0.9803921568627451,0.9803921568627451,0.9803921568627451,0.9803921568627451,0.9803921568627451,0.9803921568627451,0.9803921568627451,0.9803921568627451,0.9803921568627451,0.9803921568627451,0.9803921568627451,0.9803921568627451,0.9803921568627451,0.9803921568627451
65,61.76470588235294,0.9803921568627451,17.647058823529413,0.9803921568627451,19.607843137254903,0.9803921568627451,0.9803921568627451,0.9803921568627451,0.9803921568627451,0.9803921568627451,0.9803921568627451,0.9803921568627451,0.9803921568627451,0.9803921568627451,0.9803921568627451,0.9803921568627451,0.9803921568627451,0.9803921568627451,0.9803921568627451,0.9803921568627451,0.9803921568627451,0.9803921568627451,0.9803921568627451,0.9803921568627451,0.9803921568627451,0.9803921568627451,0.9803921568627451,0.9803921568627451,0.9803921568627451,0.9803921568627451,0.9803921568627451,0.9803921568627451,0.9803921568627451,0.9803921568627451,0.9803921568627451,0.9803921568627451,0.9803921568627451,0.9803921568627451,0.9803921568627451,0.9803921568627451
67,0.9803921568627451,0.9803921568627451,0.9803921568627451,0.9803921568627451,0.9803921568627451,0.9803921568627451,0.9803921568627451,0.9803921568627451,51.9607843137255,0.9803921568627451,0.9803921568627451,0.9803921568627451,0.9803921568627451,0.9803921568627451,0.9803921568627451,0.9803921568627451,0.9803921568627451,0.9803921568627451,0.9803921568627451,0.9803921568627451,0.9803921568627451,0.9803921568627451,0.9803921568627451,0.9803921568627451,0.9803921568627451,0.9803921568627451,0.9803921568627451,0.9803921568627451,0.9803921568627451,0.9803921568627451,0.9803921568627451,0.9803921568627451,0.9803921568627451,0.9803921568627451,0.9803921568627451,0.9803921568627451,0.9803921568627451,0.9803921568627451,0.9803921568627451,0.9803921568627451
2,0.9803921568627451,0.9803921568627451,0.9803921568627451,0.9803921568627451,0.9803921568627451,0.9803921568627451,0.9803921568627451,0.9803921568627451,0.9803921568627451,0.9803921568627451,57.84313725490197,0.9803921568627451,0.9803921568627451,0.9803921568627451,0.9803921568627451,0.9803921568627451,0.9803921568627451,0.9803921568627451,0.9803921568627451,0.9803921568627451,0.9803921568627451,0.9803921568627451,0.9803921568627451,0.9803921568627451,0.9803921568627451,0.9803921568627451,0.9803921568627451,0.9803921568627451,0.9803921568627451,0.9803921568627451,0.9803921568627451,0.9803921568627451,0.9803921568627451,0.9803921568627451,0.9803921568627451,0.9803921568627451,0.9803921568627451,0.9803921568627451,0.9803921568627451,0.9803921568627451
100,99.01960784313727,0.9803921568627451,0.9803921568627451,0.9803921568627451,0.9803921568627451,0.9803921568627451,0.9803921568627451,0.9803921568627451,0.9803921568627451,0.9803921568627451,0.9803921568627451,0.9803921568627451,0.9803921568627451,0.9803921568627451,0.9803921568627451,0.9803921568627451,0.9803921568627451,0.9803921568627451,0.9803921568627451,0.9803921568627451,0.9803921568627451,0.9803921568627451,0.9803921568627451,0.9803921568627451,0.9803921568627451,0.9803921568627451,0.9803921568627451,0.9803921568627451,0.9803921568627451,0.9803921568627451,0.9803921568627451,0.9803921568627451,0.9803921568627451,0.9803921568627451,0.9803921568627451,0.9803921568627451,0.9803921568627451,0.9803921568627451,0.9803921568627451,0.9803921568627451
28,0.9803921568627451,0.9803921568627451,87.25490196078431,0.9803921568627451,12.745098039215685,0.9803921568627451,0.9803921568627451,0.9803921568627451,0.9803921568627451,0.9803921568627451,0.9803921568627451,0.9803921568627451,0.9803921568627451,0.9803921568627451,0.9803921568627451,0.9803921568627451,0.9803921568627451,0.9803921568627451,0.9803921568627451,0.9803921568627451,0.9803921568627451,0.9803921568627451,0.9803921568627451,0.9803921568627451,0.9803921568627451,0.9803921568627451,0.9803921568627451,0.9803921568627451,0.9803921568627451,0.9803921568627451,0.9803921568627451,0.9803921568627451,0.9803921568627451,0.9803921568627451,0.9803921568627451,0.9803921568627451,0.9803921568627451,0.9803921568627451,0.9803921568627451,0.9803921568627451
89,98.0392156862745,0.9803921568627451,1.9607843137254901,0.9803921568627451,0.9803921568627451,0.9803921568627451,0.9803921568627451,0.9803921568627451,0.9803921568627451,0.9803921568627451,0.9803921568627451,0.9803921568627451,0.9803921568627451,0.9803921568627451,0.9803921568627451,0.9803921568627451,0.9803921568627451,0.9803921568627451,0.9803921568627451,0.9803921568627451,0.9803921568627451,0.9803921568627451,0.9803921568627451,0.9803921568627451,0.9803921568627451,0.9803921568627451,0.9803921568627451,0.9803921568627451,0.9803921568627451,0.9803921568627451,0.9803921568627451,0.9803921568627451,0.9803921568627451,0.9803921568627451,0.9803921568627451,0.9803921568627451,0.9803921568627451,0.9803921568627451,0.9803921568627451,0.9803921568627451
88,0.9803921568627451,0.9803921568627451,97.05882352941177,0.9803921568627451,2.941176470588235,0.9803921568627451,0.9803921568627451,0.9803921568627451,0.9803921568627451,0.9803921568627451,0.9803921568627451,0.9803921568627451,0.9803921568627451,0.9803921568627451,0.9803921568627451,0.9803921568627451,0.9803921568627451,0.9803921568627451,0.9803921568627451,0.9803921568627451,0.9803921568627451,0.9803921568627451,0.9803921568627451,0.9803921568627451,0.9803921568627451,0.9803921568627451,0.9803921568627451,0.9803921568627451,0.9803921568627451,0.9803921568627451,0.9803921568627451,0.9803921568627451,0.9803921568627451,0.9803921568627451,0.9803921568627451,0.9803921568627451,0.9803921568627451,0.9803921568627451,0.9803921568627451,0.9803921568627451
75,0.9803921568627451,0.9803921568627451,0.9803921568627451,0.9803921568627451,0.9803921568627451,0.9803921568627451,0.9803921568627451,0.9803921568627451,2.941176470588235,0.9803921568627451,0.9803921568627451,0.9803921568627451,0.9803921568627451,0.9803921568627451,0.9803921568627451,0.9803921568627451,0.9803921568627451,0.9803921568627451,0.9803921568627451,0.9803921568627451,0.9803921568627451,0.9803921568627451,0.9803921568627451,0.9803921568627451,0.9803921568627451,0.9803921568627451,0.9803921568627451,0.9803921568627451,0.9803921568627451,0.9803921568627451,0.9803921568627451,0.9803921568627451,0.9803921568627451,0.9803921568627451,0.9803921568627451,0.9803921568627451,0.9803921568627451,0.9803921568627451,0.9803921568627451,0.9803921568627451
43,93.13725490196079,0.9803921568627451,6.862745098039216,0.9803921568627451,0.9803921568627451,0.9803921568627451,0.9803921568627451,0.9803921568627451,0.9803921568627451,0.9803921568627451,0.9803921568627451,0.9803921568627451,0.9803921568627451,0.9803921568627451,0.9803921568627451,0.9803921568627451,0.9803921568627451,0.9803921568627451,0.9803921568627451,0.9803921568627451,0.9803921568627451,0.9803921568627451,0.9803921568627451,0.9803921568627451,0.9803921568627451,0.9803921568627451,0.9803921568627451,0.9803921568627451,0.9803921568627451,0.9803921568627451,0.9803921568627451,0.9803921568627451,0.9803921568627451,0.9803921568627451,0.9803921568627451,0.9803921568627451,0.9803921568627451,0.9803921568627451,0.9803921568627451,0.9803921568627451
61,13.725490196078432,0.9803921568627451,75.49019607843137,0.9803921568627451,0.9803921568627451,0.9803921568627451,0.9803921568627451,0.9803921568627451,0.9803921568627451,0.9803921568627451,0.9803921568627451,0.9803921568627451,0.9803921568627451,0.9803921568627451,0.9803921568627451,0.9803921568627451,0.9803921568627451,0.9803921568627451,0.9803921568627451,0.9803921568627451,0.9803921568627451,0.9803921568627451,0.9803921568627451,0.9803921568627451,6.862745098039216,0.9803921568627451,3.9215686274509802,0.9803921568627451,0.9803921568627451,0.9803921568627451,0.9803921568627451,0.9803921568627451,0.9803921568627451,0.9803921568627451,0.9803921568627451,0.9803921568627451,0.9803921568627451,0.9803921568627451,0.9803921568627451,0.9803921568627451
16,0.9803921568627451,0.9803921568627451,0.9803921568627451,0.9803921568627451,0.9803921568627451,0.9803921568627451,6.862745098039216,0.9803921568627451,0.9803921568627451,0.9803921568627451,0.9803921568627451,0.9803921568627451,0.9803921568627451,0.9803921568627451,0.9803921568627451,0.9803921568627451,0.9803921568627451,0.9803921568627451,0.9803921568627451,0.9803921568627451,0.9803921568627451,0.9803921568627451,0.9803921568627451,0.9803921568627451,0.9803921568627451,0.9803921568627451,0.9803921568627451,0.9803921568627451,0.9803921568627451,0.9803921568627451,0.9803921568627451,0.9803921568627451,0.9803921568627451,0.9803921568627451,0.9803921568627451,0.9803921568627451,0.9803921568627451,0.9803921568627451,0.9803921568627451,0.9803921568627451
50,67.64705882352942,0.9803921568627451,0.9803921568627451,0.9803921568627451,25.49019607843137,0.9803921568627451,7.8431372549019605,0.9803921568627451,0.9803921568627451,0.9803921568627451,0.9803921568627451,0.9803921568627451,0.9803921568627451,0.9803921568627451,0.9803921568627451,0.9803921568627451,0.9803921568627451,0.9803921568627451,0.9803921568627451,0.9803921568627451,0.9803921568627451,0.9803921568627451,0.9803921568627451,0.9803921568627451,0.9803921568627451,0.9803921568627451,0.9803921568627451,0.9803921568627451,0.9803921568627451,0.9803921568627451,0.9803921568627451,0.9803921568627451,0.9803921568627451,0.9803921568627451,0.9803921568627451,0.9803921568627451,0.9803921568627451,0.9803921568627451,0.9803921568627451,0.9803921568627451
21,0.9803921568627451,0.9803921568627451,0.9803921568627451,0.9803921568627451,0.9803921568627451,0.9803921568627451,0.9803921568627451,0.9803921568627451,0.9803921568627451,0.9803921568627451,0.9803921568627451,0.9803921568627451,50.98039215686274,0.9803921568627451,0.9803921568627451,0.9803921568627451,0.9803921568627451,0.9803921568627451,37.254901960784316,0.9803921568627451,0.9803921568627451,0.9803921568627451,0.9803921568627451,0.9803921568627451,0.9803921568627451,0.9803921568627451,0.9803921568627451,0.9803921568627451,0.9803921568627451,0.9803921568627451,0.9803921568627451,0.9803921568627451,0.9803921568627451,0.9803921568627451,0.9803921568627451,0.9803921568627451,0.9803921568627451,0.9803921568627451,0.9803921568627451,0.9803921568627451
109,76.47058823529412,0.9803921568627451,23.52941176470588,0.9803921568627451,0.9803921568627451,0.9803921568627451,0.9803921568627451,0.9803921568627451,0.9803921568627451,0.9803921568627451,0.9803921568627451,0.9803921568627451,0.9803921568627451,0.9803921568627451,0.9803921568627451,0.9803921568627451,0.9803921568627451,0.9803921568627451,0.9803921568627451,0.9803921568627451,0.9803921568627451,0.9803921568627451,0.9803921568627451,0.9803921568627451,0.9803921568627451,0.9803921568627451,0.9803921568627451,0.9803921568627451,0.9803921568627451,0.9803921568627451,0.9803921568627451,0.9803921568627451,0.9803921568627451,0.9803921568627451,0.9803921568627451,0.9803921568627451,0.9803921568627451,0.9803921568627451,0.9803921568627451,0.9803921568627451
29,0.9803921568627451,0.9803921568627451,0.9803921568627451,0.9803921568627451,0.9803921568627451,0.9803921568627451,0.9803921568627451,0.9803921568627451,7.8431372549019605,0.9803921568627451,0.9803921568627451,0.9803921568627451,0.9803921568627451,0.9803921568627451,0.9803921568627451,0.9803921568627451,0.9803921568627451,0.9803921568627451,0.9803921568627451,0.9803921568627451,0.9803921568627451,0.9803921568627451,0.9803921568627451,0.9803921568627451,0.9803921568627451,0.9803921568627451,0.9803921568627451,0.9803921568627451,0.9803921568627451,0.9803921568627451,0.9803921568627451,0.9803921568627451,0.9803921568627451,0.9803921568627451,0.9803921568627451,0.9803921568627451,0.9803921568627451,0.9803921568627451,0.9803921568627451,0.9803921568627451
81,0.9803921568627451,0.9803921568627451,0.9803921568627451,0.9803921568627451,37.254901960784316,0.9803921568627451,39.21568627450981,0.9803921568627451,0.9803921568627451,0.9803921568627451,0.9803921568627451,0.9803921568627451,0.9803921568627451,0.9803921568627451,0.9803921568627451,0.9803921568627451,6.862745098039216,0.9803921568627451,0.9803921568627451,0.9803921568627451,0.9803921568627451,0.9803921568627451,0.9803921568627451,0.9803921568627451,0.9803921568627451,0.9803921568627451,0.9803921568627451,0.9803921568627451,0.9803921568627451,0.9803921568627451,0.9803921568627451,0.9803921568627451,0.9803921568627451,0.9803921568627451,0.9803921568627451,0.9803921568627451,0.9803921568627451,0.9803921568627451,0.9803921568627451,0.9803921568627451
10,0.9803921568627451,0.9803921568627451,0.9803921568627451,0.9803921568627451,18.627450980392158,0.9803921568627451,63.725490196078425,0.9803921568627451,0.9803921568627451,0.9803921568627451,0.9803921568627451,0.9803921568627451,0.9803921568627451,0.9803921568627451,13.725490196078432,0.9803921568627451,0.9803921568627451,0.9803921568627451,0.9803921568627451,0.9803921568627451,0.9803921568627451,0.9803921568627451,0.9803921568627451,0.9803921568627451,0.9803921568627451,0.9803921568627451,0.9803921568627451,0.9803921568627451,0.9803921568627451,0.9803921568627451,0.9803921568627451,0.9803921568627451,0.9803921568627451,0.9803921568627451,0.9803921568627451,0.9803921568627451,0.9803921568627451,0.9803921568627451,0.9803921568627451,0.9803921568627451
70,22.54901960784314,0.9803921568627451,51.9607843137255,0.9803921568627451,0.9803921568627451,0.9803921568627451,0.9803921568627451,0.9803921568627451,0.9803921568627451,0.9803921568627451,0.9803921568627451,0.9803921568627451,0.9803921568627451,0.9803921568627451,0.9803921568627451,0.9803921568627451,0.9803921568627451,0.9803921568627451,0.9803921568627451,0.9803921568627451,0.9803921568627451,0.9803921568627451,0.9803921568627451,0.9803921568627451,0.9803921568627451,0.9803921568627451,0.9803921568627451,0.9803921568627451,0.9803921568627451,0.9803921568627451,0.9803921568627451,0.9803921568627451,0.9803921568627451,0.9803921568627451,0.9803921568627451,0.9803921568627451,0.9803921568627451,0.9803921568627451,0.9803921568627451,0.9803921568627451
71,4.901960784313726,0.9803921568627451,0.9803921568627451,0.9803921568627451,0.9803921568627451,0.9803921568627451,0.9803921568627451,0.9803921568627451,56.86274509803921,0.9803921568627451,0.9803921568627451,0.9803921568627451,0.9803921568627451,0.9803921568627451,0.9803921568627451,0.9803921568627451,0.9803921568627451,0.9803921568627451,0.9803921568627451,0.9803921568627451,0.9803921568627451,0.9803921568627451,0.9803921568627451,0.9803921568627451,0.9803921568627451,0.9803921568627451,0.9803921568627451,0.9803921568627451,0.9803921568627451,0.9803921568627451,0.9803921568627451,0.9803921568627451,0.9803921568627451,0.9803921568627451,0.9803921568627451,0.9803921568627451,0.9803921568627451,0.9803921568627451,0.9803921568627451,0.9803921568627451
26,39.21568627450981,0.9803921568627451,52.94117647058824,0.9803921568627451,0.9803921568627451,0.9803921568627451,3.9215686274509802,0.9803921568627451,0.9803921568627451,0.9803921568627451,2.941176470588235,0.9803921568627451,3.9215686274509802,0.9803921568627451,0.9803921568627451,0.9803921568627451,0.9803921568627451,0.9803921568627451,0.9803921568627451,0.9803921568627451,0.9803921568627451,0.9803921568627451,0.9803921568627451,0.9803921568627451,0.9803921568627451,0.9803921568627451,0.9803921568627451,0.9803921568627451,0.9803921568627451,0.9803921568627451,0.9803921568627451,0.9803921568627451,0.9803921568627451,0.9803921568627451,0.9803921568627451,0.9803921568627451,0.9803921568627451,0.9803921568627451,0.9803921568627451,0.9803921568627451
18,61.76470588235294,0.9803921568627451,21.568627450980394,0.9803921568627451,15.686274509803921,0.9803921568627451,0.9803921568627451,0.9803921568627451,0.9803921568627451,0.9803921568627451,2.941176470588235,0.9803921568627451,0.9803921568627451,0.9803921568627451,0.9803921568627451,0.9803921568627451,0.9803921568627451,0.9803921568627451,0.9803921568627451,0.9803921568627451,0.9803921568627451,0.9803921568627451,0.9803921568627451,0.9803921568627451,0.9803921568627451,0.9803921568627451,0.9803921568627451,0.9803921568627451,0.9803921568627451,0.9803921568627451,0.9803921568627451,0.9803921568627451,0.9803921568627451,0.9803921568627451,0.9803921568627451,0.9803921568627451,0.9803921568627451,0.9803921568627451,0.9803921568627451,0.9803921568627451
25,0.9803921568627451,0.9803921568627451,0.9803921568627451,0.9803921568627451,98.0392156862745,0.9803921568627451,0.9803921568627451,0.9803921568627451,1.9607843137254901,0.9803921568627451,0.9803921568627451,0.9803921568627451,0.9803921568627451,0.9803921568627451,0.9803921568627451,0.9803921568627451,0.9803921568627451,0.9803921568627451,0.9803921568627451,0.9803921568627451,0.9803921568627451,0.9803921568627451,0.9803921568627451,0.9803921568627451,0.9803921568627451,0.9803921568627451,0.9803921568627451,0.9803921568627451,0.9803921568627451,0.9803921568627451,0.9803921568627451,0.9803921568627451,0.9803921568627451,0.9803921568627451,0.9803921568627451,0.9803921568627451,0.9803921568627451,0.9803921568627451,0.9803921568627451,0.9803921568627451
111,33.33333333333333,33.33333333333333,33.33333333333333,33.33333333333333,33.33333333333333,33.33333333333333,33.33333333333333,33.33333333333333,33.33333333333333,33.33333333333333,33.33333333333333,33.33333333333333,33.33333333333333,33.33333333333333,33.33333333333333,33.33333333333333,33.33333333333333,33.33333333333333,33.33333333333333,33.33333333333333,33.33333333333333,33.33333333333333,33.33333333333333,33.33333333333333,33.33333333333333,33.33333333333333,33.33333333333333,33.33333333333333,33.33333333333333,33.33333333333333,33.33333333333333,33.33333333333333,33.33333333333333,33.33333333333333,33.33333333333333,33.33333333333333,33.33333333333333,33.33333333333333,33.33333333333333,33.33333333333333
14,0.9803921568627451,0.9803921568627451,10.784313725490197,0.9803921568627451,0.9803921568627451,0.9803921568627451,0.9803921568627451,0.9803921568627451,0.9803921568627451,0.9803921568627451,58.82352941176471,0.9803921568627451,0.9803921568627451,0.9803921568627451,31.372549019607842,0.9803921568627451,0.9803921568627451,0.9803921568627451,0.9803921568627451,0.9803921568627451,0.9803921568627451,0.9803921568627451,0.9803921568627451,0.9803921568627451,0.9803921568627451,0.9803921568627451,0.9803921568627451,0.9803921568627451,0.9803921568627451,0.9803921568627451,0.9803921568627451,0.9803921568627451,0.9803921568627451,0.9803921568627451,0.9803921568627451,0.9803921568627451,0.9803921568627451,0.9803921568627451,0.9803921568627451,0.9803921568627451
58,0.9803921568627451,0.9803921568627451,0.9803921568627451,0.9803921568627451,26.47058823529412,0.9803921568627451,0.9803921568627451,0.9803921568627451,0.9803921568627451,0.9803921568627451,0.9803921568627451,0.9803921568627451,0.9803921568627451,0.9803921568627451,23.52941176470588,0.9803921568627451,0.9803921568627451,0.9803921568627451,50.98039215686274,0.9803921568627451,0.9803921568627451,0.9803921568627451,0.9803921568627451,0.9803921568627451,0.9803921568627451,0.9803921568627451,0.9803921568627451,0.9803921568627451,0.9803921568627451,0.9803921568627451,0.9803921568627451,0.9803921568627451,0.9803921568627451,0.9803921568627451,0.9803921568627451,0.9803921568627451,0.9803921568627451,0.9803921568627451,0.9803921568627451,0.9803921568627451
38,15.686274509803921,0.9803921568627451,0.9803921568627451,0.9803921568627451,72.54901960784314,0.9803921568627451,0.9803921568627451,0.9803921568627451,0.9803921568627451,0.9803921568627451,3.9215686274509802,0.9803921568627451,0.9803921568627451,0.9803921568627451,0.9803921568627451,0.9803921568627451,0.9803921568627451,0.9803921568627451,0.9803921568627451,0.9803921568627451,8.823529411764707,0.9803921568627451,0.9803921568627451,0.9803921568627451,0.9803921568627451,0.9803921568627451,0.9803921568627451,0.9803921568627451,0.9803921568627451,0.9803921568627451,0.9803921568627451,0.9803921568627451,0.9803921568627451,0.9803921568627451,0.9803921568627451,0.9803921568627451,0.9803921568627451,0.9803921568627451,0.9803921568627451,0.9803921568627451
12,0.9803921568627451,0.9803921568627451,0.9803921568627451,0.9803921568627451,0.9803921568627451,0.9803921568627451,19.607843137254903,0.9803921568627451,0.9803921568627451,0.9803921568627451,0.9803921568627451,0.9803921568627451,0.9803921568627451,0.9803921568627451,0.9803921568627451,0.9803921568627451,0.9803921568627451,0.9803921568627451,10.784313725490197,0.9803921568627451,0.9803921568627451,0.9803921568627451,0.9803921568627451,0.9803921568627451,0.9803921568627451,0.9803921568627451,0.9803921568627451,0.9803921568627451,0.9803921568627451,0.9803921568627451,0.9803921568627451,0.9803921568627451,0.9803921568627451,0.9803921568627451,0.9803921568627451,0.9803921568627451,0.9803921568627451,0.9803921568627451,0.9803921568627451,0.9803921568627451
34,99.01960784313727,0.9803921568627451,0.9803921568627451,0.9803921568627451,0.9803921568627451,0.9803921568627451,0.9803921568627451,0.9803921568627451,0.9803921568627451,0.9803921568627451,0.9803921568627451,0.9803921568627451,0.9803921568627451,0.9803921568627451,0.9803921568627451,0.9803921568627451,0.9803921568627451,0.9803921568627451,0.9803921568627451,0.9803921568627451,0.9803921568627451,0.9803921568627451,0.9803921568627451,0.9803921568627451,0.9803921568627451,0.9803921568627451,0.9803921568627451,0.9803921568627451,0.9803921568627451,0.9803921568627451,0.9803921568627451,0.9803921568627451,0.9803921568627451,0.9803921568627451,0.9803921568627451,0.9803921568627451,0.9803921568627451,0.9803921568627451,0.9803921568627451,0.9803921568627451
8,0.9803921568627451,0.9803921568627451,0.9803921568627451,0.9803921568627451,71.56862745098039,0.9803921568627451,0.9803921568627451,0.9803921568627451,0.9803921568627451,0.9803921568627451,0.9803921568627451,0.9803921568627451,0.9803921568627451,0.9803921568627451,19.607843137254903,0.9803921568627451,6.862745098039216,0.9803921568627451,0.9803921568627451,0.9803921568627451,0.9803921568627451,0.9803921568627451,0.9803921568627451,0.9803921568627451,0.9803921568627451,0.9803921568627451,0.9803921568627451,0.9803921568627451,0.9803921568627451,0.9803921568627451,0.9803921568627451,0.9803921568627451,0.9803921568627451,0.9803921568627451,0.9803921568627451,0.9803921568627451,0.9803921568627451,0.9803921568627451,0.9803921568627451,0.9803921568627451
104,83.33333333333334,0.9803921568627451,16.666666666666664,0.9803921568627451,0.9803921568627451,0.9803921568627451,0.9803921568627451,0.9803921568627451,0.9803921568627451,0.9803921568627451,0.9803921568627451,0.9803921568627451,0.9803921568627451,0.9803921568627451,0.9803921568627451,0.9803921568627451,0.9803921568627451,0.9803921568627451,0.9803921568627451,0.9803921568627451,0.9803921568627451,0.9803921568627451,0.9803921568627451,0.9803921568627451,0.9803921568627451,0.9803921568627451,0.9803921568627451,0.9803921568627451,0.9803921568627451,0.9803921568627451,0.9803921568627451,0.9803921568627451,0.9803921568627451,0.9803921568627451,0.9803921568627451,0.9803921568627451,0.9803921568627451,0.9803921568627451,0.9803921568627451,0.9803921568627451
42,0.9803921568627451,0.9803921568627451,74.50980392156863,0.9803921568627451,0.9803921568627451,0.9803921568627451,0.9803921568627451,0.9803921568627451,0.9803921568627451,0.9803921568627451,0.9803921568627451,0.9803921568627451,0.9803921568627451,0.9803921568627451,0.9803921568627451,0.9803921568627451,0.9803921568627451,0.9803921568627451,0.9803921568627451,0.9803921568627451,0.9803921568627451,0.9803921568627451,0.9803921568627451,0.9803921568627451,0.9803921568627451,0.9803921568627451,0.9803921568627451,0.9803921568627451,0.9803921568627451,0.9803921568627451,0.9803921568627451,0.9803921568627451,0.9803921568627451,0.9803921568627451,0.9803921568627451,0.9803921568627451,0.9803921568627451,0.9803921568627451,0.9803921568627451,0.9803921568627451
40,0.9803921568627451,0.9803921568627451,2.941176470588235,0.9803921568627451,39.21568627450981,0.9803921568627451,0.9803921568627451,0.9803921568627451,0.9803921568627451,0.9803921568627451,0.9803921568627451,0.9803921568627451,50.98039215686274,0.9803921568627451,0.9803921568627451,0.9803921568627451,0.9803921568627451,0.9803921568627451,0.9803921568627451,0.9803921568627451,0.9803921568627451,0.9803921568627451,0.9803921568627451,0.9803921568627451,0.9803921568627451,0.9803921568627451,0.9803921568627451,0.9803921568627451,0.9803921568627451,0.9803921568627451,0.9803921568627451,0.9803921568627451,0.9803921568627451,0.9803921568627451,0.9803921568627451,0.9803921568627451,0.9803921568627451,0.9803921568627451,0.9803921568627451,0.9803921568627451
59,0.9803921568627451,0.9803921568627451,0.9803921568627451,0.9803921568627451,0.9803921568627451,0.9803921568627451,86.27450980392157,0.9803921568627451,11.76470588235294,0.9803921568627451,2.941176470588235,0.9803921568627451,0.9803921568627451,0.9803921568627451,0.9803921568627451,0.9803921568627451,0.9803921568627451,0.9803921568627451,0.9803921568627451,0.9803921568627451,0.9803921568627451,0.9803921568627451,0.9803921568627451,0.9803921568627451,0.9803921568627451,0.9803921568627451,0.9803921568627451,0.9803921568627451,0.9803921568627451,0.9803921568627451,0.9803921568627451,0.9803921568627451,0.9803921568627451,0.9803921568627451,0.9803921568627451,0.9803921568627451,0.9803921568627451,0.9803921568627451,0.9803921568627451,0.9803921568627451
68,0.9803921568627451,0.9803921568627451,0.9803921568627451,0.9803921568627451,10.784313725490197,0.9803921568627451,0.9803921568627451,0.9803921568627451,0.9803921568627451,0.9803921568627451,11.76470588235294,0.9803921568627451,0.9803921568627451,0.9803921568627451,11.76470588235294,0.9803921568627451,0.9803921568627451,0.9803921568627451,0.9803921568627451,0.9803921568627451,0.9803921568627451,0.9803921568627451,20.588235294117645,0.9803921568627451,0.9803921568627451,0.9803921568627451,4.901960784313726,0.9803921568627451,30.392156862745097,0.9803921568627451,2.941176470588235,0.9803921568627451,0.9803921568627451,0.9803921568627451,5.88235294117647,0.9803921568627451,7.8431372549019605,0.9803921568627451,0.9803921568627451,0.9803921568627451
45,0.9803921568627451,0.9803921568627451,0.9803921568627451,0.9803921568627451,91.17647058823529,0.9803921568627451,8.823529411764707,0.9803921568627451,0.9803921568627451,0.9803921568627451,0.9803921568627451,0.9803921568627451,0.9803921568627451,0.9803921568627451,0.9803921568627451,0.9803921568627451,0.9803921568627451,0.9803921568627451,0.9803921568627451,0.9803921568627451,0.9803921568627451,0.9803921568627451,0.9803921568627451,0.9803921568627451,0.9803921568627451,0.9803921568627451,0.9803921568627451,0.9803921568627451,0.9803921568627451,0.9803921568627451,0.9803921568627451,0.9803921568627451,0.9803921568627451,0.9803921568627451,0.9803921568627451,0.9803921568627451,0.9803921568627451,0.9803921568627451,0.9803921568627451,0.9803921568627451
99,0.9803921568627451,0.9803921568627451,0.9803921568627451,0.9803921568627451,0.9803921568627451,0.9803921568627451,0.9803921568627451,0.9803921568627451,17.647058823529413,0.9803921568627451,0.9803921568627451,0.9803921568627451,48.03921568627451,0.9803921568627451,0.9803921568627451,0.9803921568627451,0.9803921568627451,0.9803921568627451,35.294117647058826,0.9803921568627451,0.9803921568627451,0.9803921568627451,0.9803921568627451,0.9803921568627451,0.9803921568627451,0.9803921568627451,0.9803921568627451,0.9803921568627451,0.9803921568627451,0.9803921568627451,0.9803921568627451,0.9803921568627451,0.9803921568627451,0.9803921568627451,0.9803921568627451,0.9803921568627451,0.9803921568627451,0.9803921568627451,0.9803921568627451,0.9803921568627451
62,0.9803921568627451,0.9803921568627451,0.9803921568627451,0.9803921568627451,0.9803921568627451,0.9803921568627451,0.9803921568627451,0.9803921568627451,0.9803921568627451,0.9803921568627451,0.9803921568627451,0.9803921568627451,0.9803921568627451,0.9803921568627451,0.9803921568627451,0.9803921568627451,76.47058823529412,0.9803921568627451,0.9803921568627451,0.9803921568627451,0.9803921568627451,0.9803921568627451,0.9803921568627451,0.9803921568627451,0.9803921568627451,0.9803921568627451,0.9803921568627451,0.9803921568627451,0.9803921568627451,0.9803921568627451,0.9803921568627451,0.9803921568627451,0.9803921568627451,0.9803921568627451,0.9803921568627451,0.9803921568627451,0.9803921568627451,0.9803921568627451,0.9803921568627451,0.9803921568627451
103,18.627450980392158,0.9803921568627451,0.9803921568627451,0.9803921568627451,13.725490196078432,0.9803921568627451,41.17647058823529,0.9803921568627451,0.9803921568627451,0.9803921568627451,9.803921568627452,0.9803921568627451,0.9803921568627451,0.9803921568627451,8.823529411764707,0.9803921568627451,0.9803921568627451,0.9803921568627451,0.9803921568627451,0.9803921568627451,0.9803921568627451,0.9803921568627451,0.9803921568627451,0.9803921568627451,0.9803921568627451,0.9803921568627451,0.9803921568627451,0.9803921568627451,0.9803921568627451,0.9803921568627451,0.9803921568627451,0.9803921568627451,0.9803921568627451,0.9803921568627451,0.9803921568627451,0.9803921568627451,0.9803921568627451,0.9803921568627451,0.9803921568627451,0.9803921568627451
77,42.15686274509804,0.9803921568627451,0.9803921568627451,0.9803921568627451,0.9803921568627451,0.9803921568627451,0.9803921568627451,0.9803921568627451,0.9803921568627451,0.9803921568627451,26.47058823529412,0.9803921568627451,0.9803921568627451,0.9803921568627451,0.9803921568627451,0.9803921568627451,19.607843137254903,0.9803921568627451,8.823529411764707,0.9803921568627451,0.9803921568627451,0.9803921568627451,0.9803921568627451,0.9803921568627451,0.9803921568627451,0.9803921568627451,0.9803921568627451,0.9803921568627451,0.9803921568627451,0.9803921568627451,0.9803921568627451,0.9803921568627451,0.9803921568627451,0.9803921568627451,0.9803921568627451,0.9803921568627451,0.9803921568627451,0.9803921568627451,0.9803921568627451,0.9803921568627451
36,0.9803921568627451,0.9803921568627451,99.01960784313727,0.9803921568627451,0.9803921568627451,0.9803921568627451,0.9803921568627451,0.9803921568627451,0.9803921568627451,0.9803921568627451,0.9803921568627451,0.9803921568627451,0.9803921568627451,0.9803921568627451,0.9803921568627451,0.9803921568627451,0.9803921568627451,0.9803921568627451,0.9803921568627451,0.9803921568627451,0.9803921568627451,0.9803921568627451,0.9803921568627451,0.9803921568627451,0.9803921568627451,0.9803921568627451,0.9803921568627451,0.9803921568627451,0.9803921568627451,0.9803921568627451,0.9803921568627451,0.9803921568627451,0.9803921568627451,0.9803921568627451,0.9803921568627451,0.9803921568627451,0.9803921568627451,0.9803921568627451,0.9803921568627451,0.9803921568627451
76,0.9803921568627451,0.9803921568627451,0.9803921568627451,0.9803921568627451,0.9803921568627451,0.9803921568627451,99.01960784313727,0.9803921568627451,0.9803921568627451,0.9803921568627451,0.9803921568627451,0.9803921568627451,0.9803921568627451,0.9803921568627451,0.9803921568627451,0.9803921568627451,0.9803921568627451,0.9803921568627451,0.9803921568627451,0.9803921568627451,0.9803921568627451,0.9803921568627451,0.9803921568627451,0.9803921568627451,0.9803921568627451,0.9803921568627451,0.9803921568627451,0.9803921568627451,0.9803921568627451,0.9803921568627451,0.9803921568627451,0.9803921568627451,0.9803921568627451,0.9803921568627451,0.9803921568627451,0.9803921568627451,0.9803921568627451,0.9803921568627451,0.9803921568627451,0.9803921568627451
106,0.9803921568627451,0.9803921568627451,0.9803921568627451,0.9803921568627451,0.9803921568627451,0.9803921568627451,0.9803921568627451,0.9803921568627451,0.9803921568627451,0.9803921568627451,0.9803921568627451,0.9803921568627451,4.901960784313726,0.9803921568627451,71.56862745098039,0.9803921568627451,0.9803921568627451,0.9803921568627451,20.588235294117645,0.9803921568627451,0.9803921568627451,0.9803921568627451,0.9803921568627451,0.9803921568627451,0.9803921568627451,0.9803921568627451,0.9803921568627451,0.9803921568627451,0.9803921568627451,0.9803921568627451,0.9803921568627451,0.9803921568627451,0.9803921568627451,0.9803921568627451,0.9803921568627451,0.9803921568627451,0.9803921568627451,0.9803921568627451,0.9803921568627451,0.9803921568627451
63,94.11764705882352,0.9803921568627451,0.9803921568627451,0.9803921568627451,0.9803921568627451,0.9803921568627451,0.9803921568627451,0.9803921568627451,0.9803921568627451,0.9803921568627451,0.9803921568627451,0.9803921568627451,0.9803921568627451,0.9803921568627451,0.9803921568627451,0.9803921568627451,0.9803921568627451,0.9803921568627451,0.9803921568627451,0.9803921568627451,0.9803921568627451,0.9803921568627451,0.9803921568627451,0.9803921568627451,0.9803921568627451,0.9803921568627451,0.9803921568627451,0.9803921568627451,0.9803921568627451,0.9803921568627451,0.9803921568627451,0.9803921568627451,0.9803921568627451,0.9803921568627451,0.9803921568627451,0.9803921568627451,0.9803921568627451,0.9803921568627451,0.9803921568627451,0.9803921568627451
47,28.431372549019606,0.9803921568627451,0.9803921568627451,0.9803921568627451,0.9803921568627451,0.9803921568627451,0.9803921568627451,0.9803921568627451,62.745098039215684,0.9803921568627451,3.9215686274509802,0.9803921568627451,6.862745098039216,0.9803921568627451,0.9803921568627451,0.9803921568627451,0.9803921568627451,0.9803921568627451,0.9803921568627451,0.9803921568627451,0.9803921568627451,0.9803921568627451,0.9803921568627451,0.9803921568627451,0.9803921568627451,0.9803921568627451,0.9803921568627451,0.9803921568627451,0.9803921568627451,0.9803921568627451,0.9803921568627451,0.9803921568627451,0.9803921568627451,0.9803921568627451,0.9803921568627451,0.9803921568627451,0.9803921568627451,0.9803921568627451,0.9803921568627451,0.9803921568627451
55,0.9803921568627451,0.9803921568627451,0.9803921568627451,0.9803921568627451,0.9803921568627451,0.9803921568627451,0.9803921568627451,0.9803921568627451,0.9803921568627451,0.9803921568627451,0.9803921568627451,0.9803921568627451,0.9803921568627451,0.9803921568627451,9.803921568627452,0.9803921568627451,0.9803921568627451,0.9803921568627451,0.9803921568627451,0.9803921568627451,0.9803921568627451,0.9803921568627451,0.9803921568627451,0.9803921568627451,0.9803921568627451,0.9803921568627451,0.9803921568627451,0.9803921568627451,0.9803921568627451,0.9803921568627451,0.9803921568627451,0.9803921568627451,0.9803921568627451,0.9803921568627451,0.9803921568627451,0.9803921568627451,0.9803921568627451,0.9803921568627451,0.9803921568627451,0.9803921568627451
56,99.01960784313727,0.9803921568627451,0.9803921568627451,0.9803921568627451,0.9803921568627451,0.9803921568627451,0.9803921568627451,0.9803921568627451,0.9803921568627451,0.9803921568627451,0.9803921568627451,0.9803921568627451,0.9803921568627451,0.9803921568627451,0.9803921568627451,0.9803921568627451,0.9803921568627451,0.9803921568627451,0.9803921568627451,0.9803921568627451,0.9803921568627451,0.9803921568627451,0.9803921568627451,0.9803921568627451,0.9803921568627451,0.9803921568627451,0.9803921568627451,0.9803921568627451,0.9803921568627451,0.9803921568627451,0.9803921568627451,0.9803921568627451,0.9803921568627451,0.9803921568627451,0.9803921568627451,0.9803921568627451,0.9803921568627451,0.9803921568627451,0.9803921568627451,0.9803921568627451
66,79.41176470588235,0.9803921568627451,20.588235294117645,0.9803921568627451,0.9803921568627451,0.9803921568627451,0.9803921568627451,0.9803921568627451,0.9803921568627451,0.9803921568627451,0.9803921568627451,0.9803921568627451,0.9803921568627451,0.9803921568627451,0.9803921568627451,0.9803921568627451,0.9803921568627451,0.9803921568627451,0.9803921568627451,0.9803921568627451,0.9803921568627451,0.9803921568627451,0.9803921568627451,0.9803921568627451,0.9803921568627451,0.9803921568627451,0.9803921568627451,0.9803921568627451,0.9803921568627451,0.9803921568627451,0.9803921568627451,0.9803921568627451,0.9803921568627451,0.9803921568627451,0.9803921568627451,0.9803921568627451,0.9803921568627451,0.9803921568627451,0.9803921568627451,0.9803921568627451
24,0.9803921568627451,0.9803921568627451,0.9803921568627451,0.9803921568627451,77.45098039215686,0.9803921568627451,0.9803921568627451,0.9803921568627451,20.588235294117645,0.9803921568627451,2.941176470588235,0.9803921568627451,0.9803921568627451,0.9803921568627451,0.9803921568627451,0.9803921568627451,0.9803921568627451,0.9803921568627451,0.9803921568627451,0.9803921568627451,0.9803921568627451,0.9803921568627451,0.9803921568627451,0.9803921568627451,0.9803921568627451,0.9803921568627451,0.9803921568627451,0.9803921568627451,0.9803921568627451,0.9803921568627451,0.9803921568627451,0.9803921568627451,0.9803921568627451,0.9803921568627451,0.9803921568627451,0.9803921568627451,0.9803921568627451,0.9803921568627451,0.9803921568627451,0.9803921568627451
92,98.0392156862745,0.9803921568627451,0.9803921568627451,0.9803921568627451,0.9803921568627451,0.9803921568627451,0.9803921568627451,0.9803921568627451,0.9803921568627451,0.9803921568627451,0.9803921568627451,0.9803921568627451,0.9803921568627451,0.9803921568627451,0.9803921568627451,0.9803921568627451,0.9803921568627451,0.9803921568627451,0.9803921568627451,0.9803921568627451,0.9803921568627451,0.9803921568627451,0.9803921568627451,0.9803921568627451,0.9803921568627451,0.9803921568627451,0.9803921568627451,0.9803921568627451,0.9803921568627451,0.9803921568627451,0.9803921568627451,0.9803921568627451,0.9803921568627451,0.9803921568627451,0.9803921568627451,0.9803921568627451,0.9803921568627451,0.9803921568627451,0.9803921568627451,0.9803921568627451
17,0.9803921568627451,0.9803921568627451,0.9803921568627451,0.9803921568627451,0.9803921568627451,0.9803921568627451,0.9803921568627451,0.9803921568627451,0.9803921568627451,0.9803921568627451,0.9803921568627451,0.9803921568627451,0.9803921568627451,0.9803921568627451,0.9803921568627451,0.9803921568627451,0.9803921568627451,0.9803921568627451,0.9803921568627451,0.9803921568627451,0.9803921568627451,0.9803921568627451,0.9803921568627451,0.9803921568627451,0.9803921568627451,0.9803921568627451,0.9803921568627451,0.9803921568627451,0.9803921568627451,0.9803921568627451,0.9803921568627451,0.9803921568627451,0.9803921568627451,0.9803921568627451,0.9803921568627451,0.9803921568627451,0.9803921568627451,0.9803921568627451,0.9803921568627451,0.9803921568627451
94,0.9803921568627451,0.9803921568627451,12.745098039215685,0.9803921568627451,0.9803921568627451,0.9803921568627451,0.9803921568627451,0.9803921568627451,2.941176470588235,0.9803921568627451,0.9803921568627451,0.9803921568627451,0.9803921568627451,0.9803921568627451,0.9803921568627451,0.9803921568627451,0.9803921568627451,0.9803921568627451,0.9803921568627451,0.9803921568627451,0.9803921568627451,0.9803921568627451,0.9803921568627451,0.9803921568627451,0.9803921568627451,0.9803921568627451,0.9803921568627451,0.9803921568627451,0.9803921568627451,0.9803921568627451,0.9803921568627451,0.9803921568627451,0.9803921568627451,0.9803921568627451,0.9803921568627451,0.9803921568627451,0.9803921568627451,0.9803921568627451,0.9803921568627451,0.9803921568627451
73,80.3921568627451,0.9803921568627451,17.647058823529413,0.9803921568627451,2.941176470588235,0.9803921568627451,0.9803921568627451,0.9803921568627451,0.9803921568627451,0.9803921568627451,0.9803921568627451,0.9803921568627451,0.9803921568627451,0.9803921568627451,0.9803921568627451,0.9803921568627451,0.9803921568627451,0.9803921568627451,0.9803921568627451,0.9803921568627451,0.9803921568627451,0.9803921568627451,0.9803921568627451,0.9803921568627451,0.9803921568627451,0.9803921568627451,0.9803921568627451,0.9803921568627451,0.9803921568627451,0.9803921568627451,0.9803921568627451,0.9803921568627451,0.9803921568627451,0.9803921568627451,0.9803921568627451,0.9803921568627451,0.9803921568627451,0.9803921568627451,0.9803921568627451,0.9803921568627451
48,0.9803921568627451,0.9803921568627451,99.01960784313727,0.9803921568627451,0.9803921568627451,0.9803921568627451,0.9803921568627451,0.9803921568627451,0.9803921568627451,0.9803921568627451,0.9803921568627451,0.9803921568627451,0.9803921568627451,0.9803921568627451,0.9803921568627451,0.9803921568627451,0.9803921568627451,0.9803921568627451,0.9803921568627451,0.9803921568627451,0.9803921568627451,0.9803921568627451,0.9803921568627451,0.9803921568627451,0.9803921568627451,0.9803921568627451,0.9803921568627451,0.9803921568627451,0.9803921568627451,0.9803921568627451,0.9803921568627451,0.9803921568627451,0.9803921568627451,0.9803921568627451,0.9803921568627451,0.9803921568627451,0.9803921568627451,0.9803921568627451,0.9803921568627451,0.9803921568627451
31,98.0392156862745,0.9803921568627451,1.9607843137254901,0.9803921568627451,0.9803921568627451,0.9803921568627451,0.9803921568627451,0.9803921568627451,0.9803921568627451,0.9803921568627451,0.9803921568627451,0.9803921568627451,0.9803921568627451,0.9803921568627451,0.9803921568627451,0.9803921568627451,0.9803921568627451,0.9803921568627451,0.9803921568627451,0.9803921568627451,0.9803921568627451,0.9803921568627451,0.9803921568627451,0.9803921568627451,0.9803921568627451,0.9803921568627451,0.9803921568627451,0.9803921568627451,0.9803921568627451,0.9803921568627451,0.9803921568627451,0.9803921568627451,0.9803921568627451,0.9803921568627451,0.9803921568627451,0.9803921568627451,0.9803921568627451,0.9803921568627451,0.9803921568627451,0.9803921568627451
90,0.9803921568627451,0.9803921568627451,66.66666666666666,0.9803921568627451,25.49019607843137,0.9803921568627451,8.823529411764707,0.9803921568627451,0.9803921568627451,0.9803921568627451,0.9803921568627451,0.9803921568627451,0.9803921568627451,0.9803921568627451,0.9803921568627451,0.9803921568627451,0.9803921568627451,0.9803921568627451,0.9803921568627451,0.9803921568627451,0.9803921568627451,0.9803921568627451,0.9803921568627451,0.9803921568627451,0.9803921568627451,0.9803921568627451,0.9803921568627451,0.9803921568627451,0.9803921568627451,0.9803921568627451,0.9803921568627451,0.9803921568627451,0.9803921568627451,0.9803921568627451,0.9803921568627451,0.9803921568627451,0.9803921568627451,0.9803921568627451,0.9803921568627451,0.9803921568627451
84,0.9803921568627451,0.9803921568627451,0.9803921568627451,0.9803921568627451,99.01960784313727,0.9803921568627451,0.9803921568627451,0.9803921568627451,0.9803921568627451,0.9803921568627451,0.9803921568627451,0.9803921568627451,0.9803921568627451,0.9803921568627451,0.9803921568627451,0.9803921568627451,0.9803921568627451,0.9803921568627451,0.9803921568627451,0.9803921568627451,0.9803921568627451,0.9803921568627451,0.9803921568627451,0.9803921568627451,0.9803921568627451,0.9803921568627451,0.9803921568627451,0.9803921568627451,0.9803921568627451,0.9803921568627451,0.9803921568627451,0.9803921568627451,0.9803921568627451,0.9803921568627451,0.9803921568627451,0.9803921568627451,0.9803921568627451,0.9803921568627451,0.9803921568627451,0.9803921568627451
22,0.9803921568627451,0.9803921568627451,0.9803921568627451,0.9803921568627451,0.9803921568627451,0.9803921568627451,0.9803921568627451,0.9803921568627451,0.9803921568627451,0.9803921568627451,7.8431372549019605,0.9803921568627451,0.9803921568627451,0.9803921568627451,15.686274509803921,0.9803921568627451,0.9803921568627451,0.9803921568627451,0.9803921568627451,0.9803921568627451,0.9803921568627451,0.9803921568627451,0.9803921568627451,0.9803921568627451,0.9803921568627451,0.9803921568627451,0.9803921568627451,0.9803921568627451,0.9803921568627451,0.9803921568627451,0.9803921568627451,0.9803921568627451,0.9803921568627451,0.9803921568627451,0.9803921568627451,0.9803921568627451,0.9803921568627451,0.9803921568627451,0.9803921568627451,0.9803921568627451
